filename,path,size,chunk_id,chunk_count
EnterAir.txt,C:\Users\Albert\Desktop\STUDIA\Sem2\Zastosowanie AI\Regulaminy\txts\EnterAir.txt,40402,0,96
EnterAir.txt,C:\Users\Albert\Desktop\STUDIA\Sem2\Zastosowanie AI\Regulaminy\txts\EnterAir.txt,40402,1,96
EnterAir.txt,C:\Users\Albert\Desktop\STUDIA\Sem2\Zastosowanie AI\Regulaminy\txts\EnterAir.txt,40402,2,96
EnterAir.txt,C:\Users\Albert\Desktop\STUDIA\Sem2\Zastosowanie AI\Regulaminy\txts\EnterAir.txt,40402,3,96
EnterAir.txt,C:\Users\Albert\Desktop\STUDIA\Sem2\Zastosowanie AI\Regulaminy\txts\EnterAir.txt,40402,4,96
EnterAir.txt,C:\Users\Albert\Desktop\STUDIA\Sem2\Zastosowanie AI\Regulaminy\txts\EnterAir.txt,40402,5,96
EnterAir.txt,C:\Users\Albert\Desktop\STUDIA\Sem2\Zastosowanie AI\Regulaminy\txts\EnterAir.txt,40402,6,96
EnterAir.txt,C:\Users\Albert\Desktop\STUDIA\Sem2\Zastosowanie AI\Regulaminy\txts\EnterAir.txt,40402,7,96
EnterAir.txt,C:\Users\Albert\Desktop\STUDIA\Sem2\Zastosowanie AI\Regulaminy\txts\EnterAir.txt,40402,8,96
EnterAir.txt,C:\Users\Albert\Desktop\STUDIA\Sem2\Zastosowanie AI\Regulaminy\txts\EnterAir.txt,40402,9,96
EnterAir.txt,C:\Users\Albert\Desktop\STUDIA\Sem2\Zastosowanie AI\Regulaminy\txts\EnterAir.txt,40402,10,96
EnterAir.txt,C:\Users\Albert\Desktop\STUDIA\Sem2\Zastosowanie AI\Regulaminy\txts\EnterAir.txt,40402,11,96
EnterAir.txt,C:\Users\Albert\Desktop\STUDIA\Sem2\Zastosowanie AI\Regulaminy\txts\EnterAir.txt,40402,12,96
EnterAir.txt,C:\Users\Albert\Desktop\STUDIA\Sem2\Zastosowanie AI\Regulaminy\txts\EnterAir.txt,40402,13,96
EnterAir.txt,C:\Users\Albert\Desktop\STUDIA\Sem2\Zastosowanie AI\Regulaminy\txts\EnterAir.txt,40402,14,96
EnterAir.txt,C:\Users\Albert\Desktop\STUDIA\Sem2\Zastosowanie AI\Regulaminy\txts\EnterAir.txt,40402,15,96
EnterAir.txt,C:\Users\Albert\Desktop\STUDIA\Sem2\Zastosowanie AI\Regulaminy\txts\EnterAir.txt,40402,16,96
EnterAir.txt,C:\Users\Albert\Desktop\STUDIA\Sem2\Zastosowanie AI\Regulaminy\txts\EnterAir.txt,40402,17,96
EnterAir.txt,C:\Users\Albert\Desktop\STUDIA\Sem2\Zastosowanie AI\Regulaminy\txts\EnterAir.txt,40402,18,96
EnterAir.txt,C:\Users\Albert\Desktop\STUDIA\Sem2\Zastosowanie AI\Regulaminy\txts\EnterAir.txt,40402,19,96
EnterAir.txt,C:\Users\Albert\Desktop\STUDIA\Sem2\Zastosowanie AI\Regulaminy\txts\EnterAir.txt,40402,20,96
EnterAir.txt,C:\Users\Albert\Desktop\STUDIA\Sem2\Zastosowanie AI\Regulaminy\txts\EnterAir.txt,40402,21,96
EnterAir.txt,C:\Users\Albert\Desktop\STUDIA\Sem2\Zastosowanie AI\Regulaminy\txts\EnterAir.txt,40402,22,96
EnterAir.txt,C:\Users\Albert\Desktop\STUDIA\Sem2\Zastosowanie AI\Regulaminy\txts\EnterAir.txt,40402,23,96
EnterAir.txt,C:\Users\Albert\Desktop\STUDIA\Sem2\Zastosowanie AI\Regulaminy\txts\EnterAir.txt,40402,24,96
EnterAir.txt,C:\Users\Albert\Desktop\STUDIA\Sem2\Zastosowanie AI\Regulaminy\txts\EnterAir.txt,40402,25,96
EnterAir.txt,C:\Users\Albert\Desktop\STUDIA\Sem2\Zastosowanie AI\Regulaminy\txts\EnterAir.txt,40402,26,96
EnterAir.txt,C:\Users\Albert\Desktop\STUDIA\Sem2\Zastosowanie AI\Regulaminy\txts\EnterAir.txt,40402,27,96
EnterAir.txt,C:\Users\Albert\Desktop\STUDIA\Sem2\Zastosowanie AI\Regulaminy\txts\EnterAir.txt,40402,28,96
EnterAir.txt,C:\Users\Albert\Desktop\STUDIA\Sem2\Zastosowanie AI\Regulaminy\txts\EnterAir.txt,40402,29,96
EnterAir.txt,C:\Users\Albert\Desktop\STUDIA\Sem2\Zastosowanie AI\Regulaminy\txts\EnterAir.txt,40402,30,96
EnterAir.txt,C:\Users\Albert\Desktop\STUDIA\Sem2\Zastosowanie AI\Regulaminy\txts\EnterAir.txt,40402,31,96
EnterAir.txt,C:\Users\Albert\Desktop\STUDIA\Sem2\Zastosowanie AI\Regulaminy\txts\EnterAir.txt,40402,32,96
EnterAir.txt,C:\Users\Albert\Desktop\STUDIA\Sem2\Zastosowanie AI\Regulaminy\txts\EnterAir.txt,40402,33,96
EnterAir.txt,C:\Users\Albert\Desktop\STUDIA\Sem2\Zastosowanie AI\Regulaminy\txts\EnterAir.txt,40402,34,96
EnterAir.txt,C:\Users\Albert\Desktop\STUDIA\Sem2\Zastosowanie AI\Regulaminy\txts\EnterAir.txt,40402,35,96
EnterAir.txt,C:\Users\Albert\Desktop\STUDIA\Sem2\Zastosowanie AI\Regulaminy\txts\EnterAir.txt,40402,36,96
EnterAir.txt,C:\Users\Albert\Desktop\STUDIA\Sem2\Zastosowanie AI\Regulaminy\txts\EnterAir.txt,40402,37,96
EnterAir.txt,C:\Users\Albert\Desktop\STUDIA\Sem2\Zastosowanie AI\Regulaminy\txts\EnterAir.txt,40402,38,96
EnterAir.txt,C:\Users\Albert\Desktop\STUDIA\Sem2\Zastosowanie AI\Regulaminy\txts\EnterAir.txt,40402,39,96
EnterAir.txt,C:\Users\Albert\Desktop\STUDIA\Sem2\Zastosowanie AI\Regulaminy\txts\EnterAir.txt,40402,40,96
EnterAir.txt,C:\Users\Albert\Desktop\STUDIA\Sem2\Zastosowanie AI\Regulaminy\txts\EnterAir.txt,40402,41,96
EnterAir.txt,C:\Users\Albert\Desktop\STUDIA\Sem2\Zastosowanie AI\Regulaminy\txts\EnterAir.txt,40402,42,96
EnterAir.txt,C:\Users\Albert\Desktop\STUDIA\Sem2\Zastosowanie AI\Regulaminy\txts\EnterAir.txt,40402,43,96
EnterAir.txt,C:\Users\Albert\Desktop\STUDIA\Sem2\Zastosowanie AI\Regulaminy\txts\EnterAir.txt,40402,44,96
EnterAir.txt,C:\Users\Albert\Desktop\STUDIA\Sem2\Zastosowanie AI\Regulaminy\txts\EnterAir.txt,40402,45,96
EnterAir.txt,C:\Users\Albert\Desktop\STUDIA\Sem2\Zastosowanie AI\Regulaminy\txts\EnterAir.txt,40402,46,96
EnterAir.txt,C:\Users\Albert\Desktop\STUDIA\Sem2\Zastosowanie AI\Regulaminy\txts\EnterAir.txt,40402,47,96
EnterAir.txt,C:\Users\Albert\Desktop\STUDIA\Sem2\Zastosowanie AI\Regulaminy\txts\EnterAir.txt,40402,48,96
EnterAir.txt,C:\Users\Albert\Desktop\STUDIA\Sem2\Zastosowanie AI\Regulaminy\txts\EnterAir.txt,40402,49,96
EnterAir.txt,C:\Users\Albert\Desktop\STUDIA\Sem2\Zastosowanie AI\Regulaminy\txts\EnterAir.txt,40402,50,96
EnterAir.txt,C:\Users\Albert\Desktop\STUDIA\Sem2\Zastosowanie AI\Regulaminy\txts\EnterAir.txt,40402,51,96
EnterAir.txt,C:\Users\Albert\Desktop\STUDIA\Sem2\Zastosowanie AI\Regulaminy\txts\EnterAir.txt,40402,52,96
EnterAir.txt,C:\Users\Albert\Desktop\STUDIA\Sem2\Zastosowanie AI\Regulaminy\txts\EnterAir.txt,40402,53,96
EnterAir.txt,C:\Users\Albert\Desktop\STUDIA\Sem2\Zastosowanie AI\Regulaminy\txts\EnterAir.txt,40402,54,96
EnterAir.txt,C:\Users\Albert\Desktop\STUDIA\Sem2\Zastosowanie AI\Regulaminy\txts\EnterAir.txt,40402,55,96
EnterAir.txt,C:\Users\Albert\Desktop\STUDIA\Sem2\Zastosowanie AI\Regulaminy\txts\EnterAir.txt,40402,56,96
EnterAir.txt,C:\Users\Albert\Desktop\STUDIA\Sem2\Zastosowanie AI\Regulaminy\txts\EnterAir.txt,40402,57,96
EnterAir.txt,C:\Users\Albert\Desktop\STUDIA\Sem2\Zastosowanie AI\Regulaminy\txts\EnterAir.txt,40402,58,96
EnterAir.txt,C:\Users\Albert\Desktop\STUDIA\Sem2\Zastosowanie AI\Regulaminy\txts\EnterAir.txt,40402,59,96
EnterAir.txt,C:\Users\Albert\Desktop\STUDIA\Sem2\Zastosowanie AI\Regulaminy\txts\EnterAir.txt,40402,60,96
EnterAir.txt,C:\Users\Albert\Desktop\STUDIA\Sem2\Zastosowanie AI\Regulaminy\txts\EnterAir.txt,40402,61,96
EnterAir.txt,C:\Users\Albert\Desktop\STUDIA\Sem2\Zastosowanie AI\Regulaminy\txts\EnterAir.txt,40402,62,96
EnterAir.txt,C:\Users\Albert\Desktop\STUDIA\Sem2\Zastosowanie AI\Regulaminy\txts\EnterAir.txt,40402,63,96
EnterAir.txt,C:\Users\Albert\Desktop\STUDIA\Sem2\Zastosowanie AI\Regulaminy\txts\EnterAir.txt,40402,64,96
EnterAir.txt,C:\Users\Albert\Desktop\STUDIA\Sem2\Zastosowanie AI\Regulaminy\txts\EnterAir.txt,40402,65,96
EnterAir.txt,C:\Users\Albert\Desktop\STUDIA\Sem2\Zastosowanie AI\Regulaminy\txts\EnterAir.txt,40402,66,96
EnterAir.txt,C:\Users\Albert\Desktop\STUDIA\Sem2\Zastosowanie AI\Regulaminy\txts\EnterAir.txt,40402,67,96
EnterAir.txt,C:\Users\Albert\Desktop\STUDIA\Sem2\Zastosowanie AI\Regulaminy\txts\EnterAir.txt,40402,68,96
EnterAir.txt,C:\Users\Albert\Desktop\STUDIA\Sem2\Zastosowanie AI\Regulaminy\txts\EnterAir.txt,40402,69,96
EnterAir.txt,C:\Users\Albert\Desktop\STUDIA\Sem2\Zastosowanie AI\Regulaminy\txts\EnterAir.txt,40402,70,96
EnterAir.txt,C:\Users\Albert\Desktop\STUDIA\Sem2\Zastosowanie AI\Regulaminy\txts\EnterAir.txt,40402,71,96
EnterAir.txt,C:\Users\Albert\Desktop\STUDIA\Sem2\Zastosowanie AI\Regulaminy\txts\EnterAir.txt,40402,72,96
EnterAir.txt,C:\Users\Albert\Desktop\STUDIA\Sem2\Zastosowanie AI\Regulaminy\txts\EnterAir.txt,40402,73,96
EnterAir.txt,C:\Users\Albert\Desktop\STUDIA\Sem2\Zastosowanie AI\Regulaminy\txts\EnterAir.txt,40402,74,96
EnterAir.txt,C:\Users\Albert\Desktop\STUDIA\Sem2\Zastosowanie AI\Regulaminy\txts\EnterAir.txt,40402,75,96
EnterAir.txt,C:\Users\Albert\Desktop\STUDIA\Sem2\Zastosowanie AI\Regulaminy\txts\EnterAir.txt,40402,76,96
EnterAir.txt,C:\Users\Albert\Desktop\STUDIA\Sem2\Zastosowanie AI\Regulaminy\txts\EnterAir.txt,40402,77,96
EnterAir.txt,C:\Users\Albert\Desktop\STUDIA\Sem2\Zastosowanie AI\Regulaminy\txts\EnterAir.txt,40402,78,96
EnterAir.txt,C:\Users\Albert\Desktop\STUDIA\Sem2\Zastosowanie AI\Regulaminy\txts\EnterAir.txt,40402,79,96
EnterAir.txt,C:\Users\Albert\Desktop\STUDIA\Sem2\Zastosowanie AI\Regulaminy\txts\EnterAir.txt,40402,80,96
EnterAir.txt,C:\Users\Albert\Desktop\STUDIA\Sem2\Zastosowanie AI\Regulaminy\txts\EnterAir.txt,40402,81,96
EnterAir.txt,C:\Users\Albert\Desktop\STUDIA\Sem2\Zastosowanie AI\Regulaminy\txts\EnterAir.txt,40402,82,96
EnterAir.txt,C:\Users\Albert\Desktop\STUDIA\Sem2\Zastosowanie AI\Regulaminy\txts\EnterAir.txt,40402,83,96
EnterAir.txt,C:\Users\Albert\Desktop\STUDIA\Sem2\Zastosowanie AI\Regulaminy\txts\EnterAir.txt,40402,84,96
EnterAir.txt,C:\Users\Albert\Desktop\STUDIA\Sem2\Zastosowanie AI\Regulaminy\txts\EnterAir.txt,40402,85,96
EnterAir.txt,C:\Users\Albert\Desktop\STUDIA\Sem2\Zastosowanie AI\Regulaminy\txts\EnterAir.txt,40402,86,96
EnterAir.txt,C:\Users\Albert\Desktop\STUDIA\Sem2\Zastosowanie AI\Regulaminy\txts\EnterAir.txt,40402,87,96
EnterAir.txt,C:\Users\Albert\Desktop\STUDIA\Sem2\Zastosowanie AI\Regulaminy\txts\EnterAir.txt,40402,88,96
EnterAir.txt,C:\Users\Albert\Desktop\STUDIA\Sem2\Zastosowanie AI\Regulaminy\txts\EnterAir.txt,40402,89,96
EnterAir.txt,C:\Users\Albert\Desktop\STUDIA\Sem2\Zastosowanie AI\Regulaminy\txts\EnterAir.txt,40402,90,96
EnterAir.txt,C:\Users\Albert\Desktop\STUDIA\Sem2\Zastosowanie AI\Regulaminy\txts\EnterAir.txt,40402,91,96
EnterAir.txt,C:\Users\Albert\Desktop\STUDIA\Sem2\Zastosowanie AI\Regulaminy\txts\EnterAir.txt,40402,92,96
EnterAir.txt,C:\Users\Albert\Desktop\STUDIA\Sem2\Zastosowanie AI\Regulaminy\txts\EnterAir.txt,40402,93,96
EnterAir.txt,C:\Users\Albert\Desktop\STUDIA\Sem2\Zastosowanie AI\Regulaminy\txts\EnterAir.txt,40402,94,96
EnterAir.txt,C:\Users\Albert\Desktop\STUDIA\Sem2\Zastosowanie AI\Regulaminy\txts\EnterAir.txt,40402,95,96
LOT.txt,C:\Users\Albert\Desktop\STUDIA\Sem2\Zastosowanie AI\Regulaminy\txts\LOT.txt,68655,0,169
LOT.txt,C:\Users\Albert\Desktop\STUDIA\Sem2\Zastosowanie AI\Regulaminy\txts\LOT.txt,68655,1,169
LOT.txt,C:\Users\Albert\Desktop\STUDIA\Sem2\Zastosowanie AI\Regulaminy\txts\LOT.txt,68655,2,169
LOT.txt,C:\Users\Albert\Desktop\STUDIA\Sem2\Zastosowanie AI\Regulaminy\txts\LOT.txt,68655,3,169
LOT.txt,C:\Users\Albert\Desktop\STUDIA\Sem2\Zastosowanie AI\Regulaminy\txts\LOT.txt,68655,4,169
LOT.txt,C:\Users\Albert\Desktop\STUDIA\Sem2\Zastosowanie AI\Regulaminy\txts\LOT.txt,68655,5,169
LOT.txt,C:\Users\Albert\Desktop\STUDIA\Sem2\Zastosowanie AI\Regulaminy\txts\LOT.txt,68655,6,169
LOT.txt,C:\Users\Albert\Desktop\STUDIA\Sem2\Zastosowanie AI\Regulaminy\txts\LOT.txt,68655,7,169
LOT.txt,C:\Users\Albert\Desktop\STUDIA\Sem2\Zastosowanie AI\Regulaminy\txts\LOT.txt,68655,8,169
LOT.txt,C:\Users\Albert\Desktop\STUDIA\Sem2\Zastosowanie AI\Regulaminy\txts\LOT.txt,68655,9,169
LOT.txt,C:\Users\Albert\Desktop\STUDIA\Sem2\Zastosowanie AI\Regulaminy\txts\LOT.txt,68655,10,169
LOT.txt,C:\Users\Albert\Desktop\STUDIA\Sem2\Zastosowanie AI\Regulaminy\txts\LOT.txt,68655,11,169
LOT.txt,C:\Users\Albert\Desktop\STUDIA\Sem2\Zastosowanie AI\Regulaminy\txts\LOT.txt,68655,12,169
LOT.txt,C:\Users\Albert\Desktop\STUDIA\Sem2\Zastosowanie AI\Regulaminy\txts\LOT.txt,68655,13,169
LOT.txt,C:\Users\Albert\Desktop\STUDIA\Sem2\Zastosowanie AI\Regulaminy\txts\LOT.txt,68655,14,169
LOT.txt,C:\Users\Albert\Desktop\STUDIA\Sem2\Zastosowanie AI\Regulaminy\txts\LOT.txt,68655,15,169
LOT.txt,C:\Users\Albert\Desktop\STUDIA\Sem2\Zastosowanie AI\Regulaminy\txts\LOT.txt,68655,16,169
LOT.txt,C:\Users\Albert\Desktop\STUDIA\Sem2\Zastosowanie AI\Regulaminy\txts\LOT.txt,68655,17,169
LOT.txt,C:\Users\Albert\Desktop\STUDIA\Sem2\Zastosowanie AI\Regulaminy\txts\LOT.txt,68655,18,169
LOT.txt,C:\Users\Albert\Desktop\STUDIA\Sem2\Zastosowanie AI\Regulaminy\txts\LOT.txt,68655,19,169
LOT.txt,C:\Users\Albert\Desktop\STUDIA\Sem2\Zastosowanie AI\Regulaminy\txts\LOT.txt,68655,20,169
LOT.txt,C:\Users\Albert\Desktop\STUDIA\Sem2\Zastosowanie AI\Regulaminy\txts\LOT.txt,68655,21,169
LOT.txt,C:\Users\Albert\Desktop\STUDIA\Sem2\Zastosowanie AI\Regulaminy\txts\LOT.txt,68655,22,169
LOT.txt,C:\Users\Albert\Desktop\STUDIA\Sem2\Zastosowanie AI\Regulaminy\txts\LOT.txt,68655,23,169
LOT.txt,C:\Users\Albert\Desktop\STUDIA\Sem2\Zastosowanie AI\Regulaminy\txts\LOT.txt,68655,24,169
LOT.txt,C:\Users\Albert\Desktop\STUDIA\Sem2\Zastosowanie AI\Regulaminy\txts\LOT.txt,68655,25,169
LOT.txt,C:\Users\Albert\Desktop\STUDIA\Sem2\Zastosowanie AI\Regulaminy\txts\LOT.txt,68655,26,169
LOT.txt,C:\Users\Albert\Desktop\STUDIA\Sem2\Zastosowanie AI\Regulaminy\txts\LOT.txt,68655,27,169
LOT.txt,C:\Users\Albert\Desktop\STUDIA\Sem2\Zastosowanie AI\Regulaminy\txts\LOT.txt,68655,28,169
LOT.txt,C:\Users\Albert\Desktop\STUDIA\Sem2\Zastosowanie AI\Regulaminy\txts\LOT.txt,68655,29,169
LOT.txt,C:\Users\Albert\Desktop\STUDIA\Sem2\Zastosowanie AI\Regulaminy\txts\LOT.txt,68655,30,169
LOT.txt,C:\Users\Albert\Desktop\STUDIA\Sem2\Zastosowanie AI\Regulaminy\txts\LOT.txt,68655,31,169
LOT.txt,C:\Users\Albert\Desktop\STUDIA\Sem2\Zastosowanie AI\Regulaminy\txts\LOT.txt,68655,32,169
LOT.txt,C:\Users\Albert\Desktop\STUDIA\Sem2\Zastosowanie AI\Regulaminy\txts\LOT.txt,68655,33,169
LOT.txt,C:\Users\Albert\Desktop\STUDIA\Sem2\Zastosowanie AI\Regulaminy\txts\LOT.txt,68655,34,169
LOT.txt,C:\Users\Albert\Desktop\STUDIA\Sem2\Zastosowanie AI\Regulaminy\txts\LOT.txt,68655,35,169
LOT.txt,C:\Users\Albert\Desktop\STUDIA\Sem2\Zastosowanie AI\Regulaminy\txts\LOT.txt,68655,36,169
LOT.txt,C:\Users\Albert\Desktop\STUDIA\Sem2\Zastosowanie AI\Regulaminy\txts\LOT.txt,68655,37,169
LOT.txt,C:\Users\Albert\Desktop\STUDIA\Sem2\Zastosowanie AI\Regulaminy\txts\LOT.txt,68655,38,169
LOT.txt,C:\Users\Albert\Desktop\STUDIA\Sem2\Zastosowanie AI\Regulaminy\txts\LOT.txt,68655,39,169
LOT.txt,C:\Users\Albert\Desktop\STUDIA\Sem2\Zastosowanie AI\Regulaminy\txts\LOT.txt,68655,40,169
LOT.txt,C:\Users\Albert\Desktop\STUDIA\Sem2\Zastosowanie AI\Regulaminy\txts\LOT.txt,68655,41,169
LOT.txt,C:\Users\Albert\Desktop\STUDIA\Sem2\Zastosowanie AI\Regulaminy\txts\LOT.txt,68655,42,169
LOT.txt,C:\Users\Albert\Desktop\STUDIA\Sem2\Zastosowanie AI\Regulaminy\txts\LOT.txt,68655,43,169
LOT.txt,C:\Users\Albert\Desktop\STUDIA\Sem2\Zastosowanie AI\Regulaminy\txts\LOT.txt,68655,44,169
LOT.txt,C:\Users\Albert\Desktop\STUDIA\Sem2\Zastosowanie AI\Regulaminy\txts\LOT.txt,68655,45,169
LOT.txt,C:\Users\Albert\Desktop\STUDIA\Sem2\Zastosowanie AI\Regulaminy\txts\LOT.txt,68655,46,169
LOT.txt,C:\Users\Albert\Desktop\STUDIA\Sem2\Zastosowanie AI\Regulaminy\txts\LOT.txt,68655,47,169
LOT.txt,C:\Users\Albert\Desktop\STUDIA\Sem2\Zastosowanie AI\Regulaminy\txts\LOT.txt,68655,48,169
LOT.txt,C:\Users\Albert\Desktop\STUDIA\Sem2\Zastosowanie AI\Regulaminy\txts\LOT.txt,68655,49,169
LOT.txt,C:\Users\Albert\Desktop\STUDIA\Sem2\Zastosowanie AI\Regulaminy\txts\LOT.txt,68655,50,169
LOT.txt,C:\Users\Albert\Desktop\STUDIA\Sem2\Zastosowanie AI\Regulaminy\txts\LOT.txt,68655,51,169
LOT.txt,C:\Users\Albert\Desktop\STUDIA\Sem2\Zastosowanie AI\Regulaminy\txts\LOT.txt,68655,52,169
LOT.txt,C:\Users\Albert\Desktop\STUDIA\Sem2\Zastosowanie AI\Regulaminy\txts\LOT.txt,68655,53,169
LOT.txt,C:\Users\Albert\Desktop\STUDIA\Sem2\Zastosowanie AI\Regulaminy\txts\LOT.txt,68655,54,169
LOT.txt,C:\Users\Albert\Desktop\STUDIA\Sem2\Zastosowanie AI\Regulaminy\txts\LOT.txt,68655,55,169
LOT.txt,C:\Users\Albert\Desktop\STUDIA\Sem2\Zastosowanie AI\Regulaminy\txts\LOT.txt,68655,56,169
LOT.txt,C:\Users\Albert\Desktop\STUDIA\Sem2\Zastosowanie AI\Regulaminy\txts\LOT.txt,68655,57,169
LOT.txt,C:\Users\Albert\Desktop\STUDIA\Sem2\Zastosowanie AI\Regulaminy\txts\LOT.txt,68655,58,169
LOT.txt,C:\Users\Albert\Desktop\STUDIA\Sem2\Zastosowanie AI\Regulaminy\txts\LOT.txt,68655,59,169
LOT.txt,C:\Users\Albert\Desktop\STUDIA\Sem2\Zastosowanie AI\Regulaminy\txts\LOT.txt,68655,60,169
LOT.txt,C:\Users\Albert\Desktop\STUDIA\Sem2\Zastosowanie AI\Regulaminy\txts\LOT.txt,68655,61,169
LOT.txt,C:\Users\Albert\Desktop\STUDIA\Sem2\Zastosowanie AI\Regulaminy\txts\LOT.txt,68655,62,169
LOT.txt,C:\Users\Albert\Desktop\STUDIA\Sem2\Zastosowanie AI\Regulaminy\txts\LOT.txt,68655,63,169
LOT.txt,C:\Users\Albert\Desktop\STUDIA\Sem2\Zastosowanie AI\Regulaminy\txts\LOT.txt,68655,64,169
LOT.txt,C:\Users\Albert\Desktop\STUDIA\Sem2\Zastosowanie AI\Regulaminy\txts\LOT.txt,68655,65,169
LOT.txt,C:\Users\Albert\Desktop\STUDIA\Sem2\Zastosowanie AI\Regulaminy\txts\LOT.txt,68655,66,169
LOT.txt,C:\Users\Albert\Desktop\STUDIA\Sem2\Zastosowanie AI\Regulaminy\txts\LOT.txt,68655,67,169
LOT.txt,C:\Users\Albert\Desktop\STUDIA\Sem2\Zastosowanie AI\Regulaminy\txts\LOT.txt,68655,68,169
LOT.txt,C:\Users\Albert\Desktop\STUDIA\Sem2\Zastosowanie AI\Regulaminy\txts\LOT.txt,68655,69,169
LOT.txt,C:\Users\Albert\Desktop\STUDIA\Sem2\Zastosowanie AI\Regulaminy\txts\LOT.txt,68655,70,169
LOT.txt,C:\Users\Albert\Desktop\STUDIA\Sem2\Zastosowanie AI\Regulaminy\txts\LOT.txt,68655,71,169
LOT.txt,C:\Users\Albert\Desktop\STUDIA\Sem2\Zastosowanie AI\Regulaminy\txts\LOT.txt,68655,72,169
LOT.txt,C:\Users\Albert\Desktop\STUDIA\Sem2\Zastosowanie AI\Regulaminy\txts\LOT.txt,68655,73,169
LOT.txt,C:\Users\Albert\Desktop\STUDIA\Sem2\Zastosowanie AI\Regulaminy\txts\LOT.txt,68655,74,169
LOT.txt,C:\Users\Albert\Desktop\STUDIA\Sem2\Zastosowanie AI\Regulaminy\txts\LOT.txt,68655,75,169
LOT.txt,C:\Users\Albert\Desktop\STUDIA\Sem2\Zastosowanie AI\Regulaminy\txts\LOT.txt,68655,76,169
LOT.txt,C:\Users\Albert\Desktop\STUDIA\Sem2\Zastosowanie AI\Regulaminy\txts\LOT.txt,68655,77,169
LOT.txt,C:\Users\Albert\Desktop\STUDIA\Sem2\Zastosowanie AI\Regulaminy\txts\LOT.txt,68655,78,169
LOT.txt,C:\Users\Albert\Desktop\STUDIA\Sem2\Zastosowanie AI\Regulaminy\txts\LOT.txt,68655,79,169
LOT.txt,C:\Users\Albert\Desktop\STUDIA\Sem2\Zastosowanie AI\Regulaminy\txts\LOT.txt,68655,80,169
LOT.txt,C:\Users\Albert\Desktop\STUDIA\Sem2\Zastosowanie AI\Regulaminy\txts\LOT.txt,68655,81,169
LOT.txt,C:\Users\Albert\Desktop\STUDIA\Sem2\Zastosowanie AI\Regulaminy\txts\LOT.txt,68655,82,169
LOT.txt,C:\Users\Albert\Desktop\STUDIA\Sem2\Zastosowanie AI\Regulaminy\txts\LOT.txt,68655,83,169
LOT.txt,C:\Users\Albert\Desktop\STUDIA\Sem2\Zastosowanie AI\Regulaminy\txts\LOT.txt,68655,84,169
LOT.txt,C:\Users\Albert\Desktop\STUDIA\Sem2\Zastosowanie AI\Regulaminy\txts\LOT.txt,68655,85,169
LOT.txt,C:\Users\Albert\Desktop\STUDIA\Sem2\Zastosowanie AI\Regulaminy\txts\LOT.txt,68655,86,169
LOT.txt,C:\Users\Albert\Desktop\STUDIA\Sem2\Zastosowanie AI\Regulaminy\txts\LOT.txt,68655,87,169
LOT.txt,C:\Users\Albert\Desktop\STUDIA\Sem2\Zastosowanie AI\Regulaminy\txts\LOT.txt,68655,88,169
LOT.txt,C:\Users\Albert\Desktop\STUDIA\Sem2\Zastosowanie AI\Regulaminy\txts\LOT.txt,68655,89,169
LOT.txt,C:\Users\Albert\Desktop\STUDIA\Sem2\Zastosowanie AI\Regulaminy\txts\LOT.txt,68655,90,169
LOT.txt,C:\Users\Albert\Desktop\STUDIA\Sem2\Zastosowanie AI\Regulaminy\txts\LOT.txt,68655,91,169
LOT.txt,C:\Users\Albert\Desktop\STUDIA\Sem2\Zastosowanie AI\Regulaminy\txts\LOT.txt,68655,92,169
LOT.txt,C:\Users\Albert\Desktop\STUDIA\Sem2\Zastosowanie AI\Regulaminy\txts\LOT.txt,68655,93,169
LOT.txt,C:\Users\Albert\Desktop\STUDIA\Sem2\Zastosowanie AI\Regulaminy\txts\LOT.txt,68655,94,169
LOT.txt,C:\Users\Albert\Desktop\STUDIA\Sem2\Zastosowanie AI\Regulaminy\txts\LOT.txt,68655,95,169
LOT.txt,C:\Users\Albert\Desktop\STUDIA\Sem2\Zastosowanie AI\Regulaminy\txts\LOT.txt,68655,96,169
LOT.txt,C:\Users\Albert\Desktop\STUDIA\Sem2\Zastosowanie AI\Regulaminy\txts\LOT.txt,68655,97,169
LOT.txt,C:\Users\Albert\Desktop\STUDIA\Sem2\Zastosowanie AI\Regulaminy\txts\LOT.txt,68655,98,169
LOT.txt,C:\Users\Albert\Desktop\STUDIA\Sem2\Zastosowanie AI\Regulaminy\txts\LOT.txt,68655,99,169
LOT.txt,C:\Users\Albert\Desktop\STUDIA\Sem2\Zastosowanie AI\Regulaminy\txts\LOT.txt,68655,100,169
LOT.txt,C:\Users\Albert\Desktop\STUDIA\Sem2\Zastosowanie AI\Regulaminy\txts\LOT.txt,68655,101,169
LOT.txt,C:\Users\Albert\Desktop\STUDIA\Sem2\Zastosowanie AI\Regulaminy\txts\LOT.txt,68655,102,169
LOT.txt,C:\Users\Albert\Desktop\STUDIA\Sem2\Zastosowanie AI\Regulaminy\txts\LOT.txt,68655,103,169
LOT.txt,C:\Users\Albert\Desktop\STUDIA\Sem2\Zastosowanie AI\Regulaminy\txts\LOT.txt,68655,104,169
LOT.txt,C:\Users\Albert\Desktop\STUDIA\Sem2\Zastosowanie AI\Regulaminy\txts\LOT.txt,68655,105,169
LOT.txt,C:\Users\Albert\Desktop\STUDIA\Sem2\Zastosowanie AI\Regulaminy\txts\LOT.txt,68655,106,169
LOT.txt,C:\Users\Albert\Desktop\STUDIA\Sem2\Zastosowanie AI\Regulaminy\txts\LOT.txt,68655,107,169
LOT.txt,C:\Users\Albert\Desktop\STUDIA\Sem2\Zastosowanie AI\Regulaminy\txts\LOT.txt,68655,108,169
LOT.txt,C:\Users\Albert\Desktop\STUDIA\Sem2\Zastosowanie AI\Regulaminy\txts\LOT.txt,68655,109,169
LOT.txt,C:\Users\Albert\Desktop\STUDIA\Sem2\Zastosowanie AI\Regulaminy\txts\LOT.txt,68655,110,169
LOT.txt,C:\Users\Albert\Desktop\STUDIA\Sem2\Zastosowanie AI\Regulaminy\txts\LOT.txt,68655,111,169
LOT.txt,C:\Users\Albert\Desktop\STUDIA\Sem2\Zastosowanie AI\Regulaminy\txts\LOT.txt,68655,112,169
LOT.txt,C:\Users\Albert\Desktop\STUDIA\Sem2\Zastosowanie AI\Regulaminy\txts\LOT.txt,68655,113,169
LOT.txt,C:\Users\Albert\Desktop\STUDIA\Sem2\Zastosowanie AI\Regulaminy\txts\LOT.txt,68655,114,169
LOT.txt,C:\Users\Albert\Desktop\STUDIA\Sem2\Zastosowanie AI\Regulaminy\txts\LOT.txt,68655,115,169
LOT.txt,C:\Users\Albert\Desktop\STUDIA\Sem2\Zastosowanie AI\Regulaminy\txts\LOT.txt,68655,116,169
LOT.txt,C:\Users\Albert\Desktop\STUDIA\Sem2\Zastosowanie AI\Regulaminy\txts\LOT.txt,68655,117,169
LOT.txt,C:\Users\Albert\Desktop\STUDIA\Sem2\Zastosowanie AI\Regulaminy\txts\LOT.txt,68655,118,169
LOT.txt,C:\Users\Albert\Desktop\STUDIA\Sem2\Zastosowanie AI\Regulaminy\txts\LOT.txt,68655,119,169
LOT.txt,C:\Users\Albert\Desktop\STUDIA\Sem2\Zastosowanie AI\Regulaminy\txts\LOT.txt,68655,120,169
LOT.txt,C:\Users\Albert\Desktop\STUDIA\Sem2\Zastosowanie AI\Regulaminy\txts\LOT.txt,68655,121,169
LOT.txt,C:\Users\Albert\Desktop\STUDIA\Sem2\Zastosowanie AI\Regulaminy\txts\LOT.txt,68655,122,169
LOT.txt,C:\Users\Albert\Desktop\STUDIA\Sem2\Zastosowanie AI\Regulaminy\txts\LOT.txt,68655,123,169
LOT.txt,C:\Users\Albert\Desktop\STUDIA\Sem2\Zastosowanie AI\Regulaminy\txts\LOT.txt,68655,124,169
LOT.txt,C:\Users\Albert\Desktop\STUDIA\Sem2\Zastosowanie AI\Regulaminy\txts\LOT.txt,68655,125,169
LOT.txt,C:\Users\Albert\Desktop\STUDIA\Sem2\Zastosowanie AI\Regulaminy\txts\LOT.txt,68655,126,169
LOT.txt,C:\Users\Albert\Desktop\STUDIA\Sem2\Zastosowanie AI\Regulaminy\txts\LOT.txt,68655,127,169
LOT.txt,C:\Users\Albert\Desktop\STUDIA\Sem2\Zastosowanie AI\Regulaminy\txts\LOT.txt,68655,128,169
LOT.txt,C:\Users\Albert\Desktop\STUDIA\Sem2\Zastosowanie AI\Regulaminy\txts\LOT.txt,68655,129,169
LOT.txt,C:\Users\Albert\Desktop\STUDIA\Sem2\Zastosowanie AI\Regulaminy\txts\LOT.txt,68655,130,169
LOT.txt,C:\Users\Albert\Desktop\STUDIA\Sem2\Zastosowanie AI\Regulaminy\txts\LOT.txt,68655,131,169
LOT.txt,C:\Users\Albert\Desktop\STUDIA\Sem2\Zastosowanie AI\Regulaminy\txts\LOT.txt,68655,132,169
LOT.txt,C:\Users\Albert\Desktop\STUDIA\Sem2\Zastosowanie AI\Regulaminy\txts\LOT.txt,68655,133,169
LOT.txt,C:\Users\Albert\Desktop\STUDIA\Sem2\Zastosowanie AI\Regulaminy\txts\LOT.txt,68655,134,169
LOT.txt,C:\Users\Albert\Desktop\STUDIA\Sem2\Zastosowanie AI\Regulaminy\txts\LOT.txt,68655,135,169
LOT.txt,C:\Users\Albert\Desktop\STUDIA\Sem2\Zastosowanie AI\Regulaminy\txts\LOT.txt,68655,136,169
LOT.txt,C:\Users\Albert\Desktop\STUDIA\Sem2\Zastosowanie AI\Regulaminy\txts\LOT.txt,68655,137,169
LOT.txt,C:\Users\Albert\Desktop\STUDIA\Sem2\Zastosowanie AI\Regulaminy\txts\LOT.txt,68655,138,169
LOT.txt,C:\Users\Albert\Desktop\STUDIA\Sem2\Zastosowanie AI\Regulaminy\txts\LOT.txt,68655,139,169
LOT.txt,C:\Users\Albert\Desktop\STUDIA\Sem2\Zastosowanie AI\Regulaminy\txts\LOT.txt,68655,140,169
LOT.txt,C:\Users\Albert\Desktop\STUDIA\Sem2\Zastosowanie AI\Regulaminy\txts\LOT.txt,68655,141,169
LOT.txt,C:\Users\Albert\Desktop\STUDIA\Sem2\Zastosowanie AI\Regulaminy\txts\LOT.txt,68655,142,169
LOT.txt,C:\Users\Albert\Desktop\STUDIA\Sem2\Zastosowanie AI\Regulaminy\txts\LOT.txt,68655,143,169
LOT.txt,C:\Users\Albert\Desktop\STUDIA\Sem2\Zastosowanie AI\Regulaminy\txts\LOT.txt,68655,144,169
LOT.txt,C:\Users\Albert\Desktop\STUDIA\Sem2\Zastosowanie AI\Regulaminy\txts\LOT.txt,68655,145,169
LOT.txt,C:\Users\Albert\Desktop\STUDIA\Sem2\Zastosowanie AI\Regulaminy\txts\LOT.txt,68655,146,169
LOT.txt,C:\Users\Albert\Desktop\STUDIA\Sem2\Zastosowanie AI\Regulaminy\txts\LOT.txt,68655,147,169
LOT.txt,C:\Users\Albert\Desktop\STUDIA\Sem2\Zastosowanie AI\Regulaminy\txts\LOT.txt,68655,148,169
LOT.txt,C:\Users\Albert\Desktop\STUDIA\Sem2\Zastosowanie AI\Regulaminy\txts\LOT.txt,68655,149,169
LOT.txt,C:\Users\Albert\Desktop\STUDIA\Sem2\Zastosowanie AI\Regulaminy\txts\LOT.txt,68655,150,169
LOT.txt,C:\Users\Albert\Desktop\STUDIA\Sem2\Zastosowanie AI\Regulaminy\txts\LOT.txt,68655,151,169
LOT.txt,C:\Users\Albert\Desktop\STUDIA\Sem2\Zastosowanie AI\Regulaminy\txts\LOT.txt,68655,152,169
LOT.txt,C:\Users\Albert\Desktop\STUDIA\Sem2\Zastosowanie AI\Regulaminy\txts\LOT.txt,68655,153,169
LOT.txt,C:\Users\Albert\Desktop\STUDIA\Sem2\Zastosowanie AI\Regulaminy\txts\LOT.txt,68655,154,169
LOT.txt,C:\Users\Albert\Desktop\STUDIA\Sem2\Zastosowanie AI\Regulaminy\txts\LOT.txt,68655,155,169
LOT.txt,C:\Users\Albert\Desktop\STUDIA\Sem2\Zastosowanie AI\Regulaminy\txts\LOT.txt,68655,156,169
LOT.txt,C:\Users\Albert\Desktop\STUDIA\Sem2\Zastosowanie AI\Regulaminy\txts\LOT.txt,68655,157,169
LOT.txt,C:\Users\Albert\Desktop\STUDIA\Sem2\Zastosowanie AI\Regulaminy\txts\LOT.txt,68655,158,169
LOT.txt,C:\Users\Albert\Desktop\STUDIA\Sem2\Zastosowanie AI\Regulaminy\txts\LOT.txt,68655,159,169
LOT.txt,C:\Users\Albert\Desktop\STUDIA\Sem2\Zastosowanie AI\Regulaminy\txts\LOT.txt,68655,160,169
LOT.txt,C:\Users\Albert\Desktop\STUDIA\Sem2\Zastosowanie AI\Regulaminy\txts\LOT.txt,68655,161,169
LOT.txt,C:\Users\Albert\Desktop\STUDIA\Sem2\Zastosowanie AI\Regulaminy\txts\LOT.txt,68655,162,169
LOT.txt,C:\Users\Albert\Desktop\STUDIA\Sem2\Zastosowanie AI\Regulaminy\txts\LOT.txt,68655,163,169
LOT.txt,C:\Users\Albert\Desktop\STUDIA\Sem2\Zastosowanie AI\Regulaminy\txts\LOT.txt,68655,164,169
LOT.txt,C:\Users\Albert\Desktop\STUDIA\Sem2\Zastosowanie AI\Regulaminy\txts\LOT.txt,68655,165,169
LOT.txt,C:\Users\Albert\Desktop\STUDIA\Sem2\Zastosowanie AI\Regulaminy\txts\LOT.txt,68655,166,169
LOT.txt,C:\Users\Albert\Desktop\STUDIA\Sem2\Zastosowanie AI\Regulaminy\txts\LOT.txt,68655,167,169
LOT.txt,C:\Users\Albert\Desktop\STUDIA\Sem2\Zastosowanie AI\Regulaminy\txts\LOT.txt,68655,168,169
LUFTHANSA.txt,C:\Users\Albert\Desktop\STUDIA\Sem2\Zastosowanie AI\Regulaminy\txts\LUFTHANSA.txt,29457,0,74
LUFTHANSA.txt,C:\Users\Albert\Desktop\STUDIA\Sem2\Zastosowanie AI\Regulaminy\txts\LUFTHANSA.txt,29457,1,74
LUFTHANSA.txt,C:\Users\Albert\Desktop\STUDIA\Sem2\Zastosowanie AI\Regulaminy\txts\LUFTHANSA.txt,29457,2,74
LUFTHANSA.txt,C:\Users\Albert\Desktop\STUDIA\Sem2\Zastosowanie AI\Regulaminy\txts\LUFTHANSA.txt,29457,3,74
LUFTHANSA.txt,C:\Users\Albert\Desktop\STUDIA\Sem2\Zastosowanie AI\Regulaminy\txts\LUFTHANSA.txt,29457,4,74
LUFTHANSA.txt,C:\Users\Albert\Desktop\STUDIA\Sem2\Zastosowanie AI\Regulaminy\txts\LUFTHANSA.txt,29457,5,74
LUFTHANSA.txt,C:\Users\Albert\Desktop\STUDIA\Sem2\Zastosowanie AI\Regulaminy\txts\LUFTHANSA.txt,29457,6,74
LUFTHANSA.txt,C:\Users\Albert\Desktop\STUDIA\Sem2\Zastosowanie AI\Regulaminy\txts\LUFTHANSA.txt,29457,7,74
LUFTHANSA.txt,C:\Users\Albert\Desktop\STUDIA\Sem2\Zastosowanie AI\Regulaminy\txts\LUFTHANSA.txt,29457,8,74
LUFTHANSA.txt,C:\Users\Albert\Desktop\STUDIA\Sem2\Zastosowanie AI\Regulaminy\txts\LUFTHANSA.txt,29457,9,74
LUFTHANSA.txt,C:\Users\Albert\Desktop\STUDIA\Sem2\Zastosowanie AI\Regulaminy\txts\LUFTHANSA.txt,29457,10,74
LUFTHANSA.txt,C:\Users\Albert\Desktop\STUDIA\Sem2\Zastosowanie AI\Regulaminy\txts\LUFTHANSA.txt,29457,11,74
LUFTHANSA.txt,C:\Users\Albert\Desktop\STUDIA\Sem2\Zastosowanie AI\Regulaminy\txts\LUFTHANSA.txt,29457,12,74
LUFTHANSA.txt,C:\Users\Albert\Desktop\STUDIA\Sem2\Zastosowanie AI\Regulaminy\txts\LUFTHANSA.txt,29457,13,74
LUFTHANSA.txt,C:\Users\Albert\Desktop\STUDIA\Sem2\Zastosowanie AI\Regulaminy\txts\LUFTHANSA.txt,29457,14,74
LUFTHANSA.txt,C:\Users\Albert\Desktop\STUDIA\Sem2\Zastosowanie AI\Regulaminy\txts\LUFTHANSA.txt,29457,15,74
LUFTHANSA.txt,C:\Users\Albert\Desktop\STUDIA\Sem2\Zastosowanie AI\Regulaminy\txts\LUFTHANSA.txt,29457,16,74
LUFTHANSA.txt,C:\Users\Albert\Desktop\STUDIA\Sem2\Zastosowanie AI\Regulaminy\txts\LUFTHANSA.txt,29457,17,74
LUFTHANSA.txt,C:\Users\Albert\Desktop\STUDIA\Sem2\Zastosowanie AI\Regulaminy\txts\LUFTHANSA.txt,29457,18,74
LUFTHANSA.txt,C:\Users\Albert\Desktop\STUDIA\Sem2\Zastosowanie AI\Regulaminy\txts\LUFTHANSA.txt,29457,19,74
LUFTHANSA.txt,C:\Users\Albert\Desktop\STUDIA\Sem2\Zastosowanie AI\Regulaminy\txts\LUFTHANSA.txt,29457,20,74
LUFTHANSA.txt,C:\Users\Albert\Desktop\STUDIA\Sem2\Zastosowanie AI\Regulaminy\txts\LUFTHANSA.txt,29457,21,74
LUFTHANSA.txt,C:\Users\Albert\Desktop\STUDIA\Sem2\Zastosowanie AI\Regulaminy\txts\LUFTHANSA.txt,29457,22,74
LUFTHANSA.txt,C:\Users\Albert\Desktop\STUDIA\Sem2\Zastosowanie AI\Regulaminy\txts\LUFTHANSA.txt,29457,23,74
LUFTHANSA.txt,C:\Users\Albert\Desktop\STUDIA\Sem2\Zastosowanie AI\Regulaminy\txts\LUFTHANSA.txt,29457,24,74
LUFTHANSA.txt,C:\Users\Albert\Desktop\STUDIA\Sem2\Zastosowanie AI\Regulaminy\txts\LUFTHANSA.txt,29457,25,74
LUFTHANSA.txt,C:\Users\Albert\Desktop\STUDIA\Sem2\Zastosowanie AI\Regulaminy\txts\LUFTHANSA.txt,29457,26,74
LUFTHANSA.txt,C:\Users\Albert\Desktop\STUDIA\Sem2\Zastosowanie AI\Regulaminy\txts\LUFTHANSA.txt,29457,27,74
LUFTHANSA.txt,C:\Users\Albert\Desktop\STUDIA\Sem2\Zastosowanie AI\Regulaminy\txts\LUFTHANSA.txt,29457,28,74
LUFTHANSA.txt,C:\Users\Albert\Desktop\STUDIA\Sem2\Zastosowanie AI\Regulaminy\txts\LUFTHANSA.txt,29457,29,74
LUFTHANSA.txt,C:\Users\Albert\Desktop\STUDIA\Sem2\Zastosowanie AI\Regulaminy\txts\LUFTHANSA.txt,29457,30,74
LUFTHANSA.txt,C:\Users\Albert\Desktop\STUDIA\Sem2\Zastosowanie AI\Regulaminy\txts\LUFTHANSA.txt,29457,31,74
LUFTHANSA.txt,C:\Users\Albert\Desktop\STUDIA\Sem2\Zastosowanie AI\Regulaminy\txts\LUFTHANSA.txt,29457,32,74
LUFTHANSA.txt,C:\Users\Albert\Desktop\STUDIA\Sem2\Zastosowanie AI\Regulaminy\txts\LUFTHANSA.txt,29457,33,74
LUFTHANSA.txt,C:\Users\Albert\Desktop\STUDIA\Sem2\Zastosowanie AI\Regulaminy\txts\LUFTHANSA.txt,29457,34,74
LUFTHANSA.txt,C:\Users\Albert\Desktop\STUDIA\Sem2\Zastosowanie AI\Regulaminy\txts\LUFTHANSA.txt,29457,35,74
LUFTHANSA.txt,C:\Users\Albert\Desktop\STUDIA\Sem2\Zastosowanie AI\Regulaminy\txts\LUFTHANSA.txt,29457,36,74
LUFTHANSA.txt,C:\Users\Albert\Desktop\STUDIA\Sem2\Zastosowanie AI\Regulaminy\txts\LUFTHANSA.txt,29457,37,74
LUFTHANSA.txt,C:\Users\Albert\Desktop\STUDIA\Sem2\Zastosowanie AI\Regulaminy\txts\LUFTHANSA.txt,29457,38,74
LUFTHANSA.txt,C:\Users\Albert\Desktop\STUDIA\Sem2\Zastosowanie AI\Regulaminy\txts\LUFTHANSA.txt,29457,39,74
LUFTHANSA.txt,C:\Users\Albert\Desktop\STUDIA\Sem2\Zastosowanie AI\Regulaminy\txts\LUFTHANSA.txt,29457,40,74
LUFTHANSA.txt,C:\Users\Albert\Desktop\STUDIA\Sem2\Zastosowanie AI\Regulaminy\txts\LUFTHANSA.txt,29457,41,74
LUFTHANSA.txt,C:\Users\Albert\Desktop\STUDIA\Sem2\Zastosowanie AI\Regulaminy\txts\LUFTHANSA.txt,29457,42,74
LUFTHANSA.txt,C:\Users\Albert\Desktop\STUDIA\Sem2\Zastosowanie AI\Regulaminy\txts\LUFTHANSA.txt,29457,43,74
LUFTHANSA.txt,C:\Users\Albert\Desktop\STUDIA\Sem2\Zastosowanie AI\Regulaminy\txts\LUFTHANSA.txt,29457,44,74
LUFTHANSA.txt,C:\Users\Albert\Desktop\STUDIA\Sem2\Zastosowanie AI\Regulaminy\txts\LUFTHANSA.txt,29457,45,74
LUFTHANSA.txt,C:\Users\Albert\Desktop\STUDIA\Sem2\Zastosowanie AI\Regulaminy\txts\LUFTHANSA.txt,29457,46,74
LUFTHANSA.txt,C:\Users\Albert\Desktop\STUDIA\Sem2\Zastosowanie AI\Regulaminy\txts\LUFTHANSA.txt,29457,47,74
LUFTHANSA.txt,C:\Users\Albert\Desktop\STUDIA\Sem2\Zastosowanie AI\Regulaminy\txts\LUFTHANSA.txt,29457,48,74
LUFTHANSA.txt,C:\Users\Albert\Desktop\STUDIA\Sem2\Zastosowanie AI\Regulaminy\txts\LUFTHANSA.txt,29457,49,74
LUFTHANSA.txt,C:\Users\Albert\Desktop\STUDIA\Sem2\Zastosowanie AI\Regulaminy\txts\LUFTHANSA.txt,29457,50,74
LUFTHANSA.txt,C:\Users\Albert\Desktop\STUDIA\Sem2\Zastosowanie AI\Regulaminy\txts\LUFTHANSA.txt,29457,51,74
LUFTHANSA.txt,C:\Users\Albert\Desktop\STUDIA\Sem2\Zastosowanie AI\Regulaminy\txts\LUFTHANSA.txt,29457,52,74
LUFTHANSA.txt,C:\Users\Albert\Desktop\STUDIA\Sem2\Zastosowanie AI\Regulaminy\txts\LUFTHANSA.txt,29457,53,74
LUFTHANSA.txt,C:\Users\Albert\Desktop\STUDIA\Sem2\Zastosowanie AI\Regulaminy\txts\LUFTHANSA.txt,29457,54,74
LUFTHANSA.txt,C:\Users\Albert\Desktop\STUDIA\Sem2\Zastosowanie AI\Regulaminy\txts\LUFTHANSA.txt,29457,55,74
LUFTHANSA.txt,C:\Users\Albert\Desktop\STUDIA\Sem2\Zastosowanie AI\Regulaminy\txts\LUFTHANSA.txt,29457,56,74
LUFTHANSA.txt,C:\Users\Albert\Desktop\STUDIA\Sem2\Zastosowanie AI\Regulaminy\txts\LUFTHANSA.txt,29457,57,74
LUFTHANSA.txt,C:\Users\Albert\Desktop\STUDIA\Sem2\Zastosowanie AI\Regulaminy\txts\LUFTHANSA.txt,29457,58,74
LUFTHANSA.txt,C:\Users\Albert\Desktop\STUDIA\Sem2\Zastosowanie AI\Regulaminy\txts\LUFTHANSA.txt,29457,59,74
LUFTHANSA.txt,C:\Users\Albert\Desktop\STUDIA\Sem2\Zastosowanie AI\Regulaminy\txts\LUFTHANSA.txt,29457,60,74
LUFTHANSA.txt,C:\Users\Albert\Desktop\STUDIA\Sem2\Zastosowanie AI\Regulaminy\txts\LUFTHANSA.txt,29457,61,74
LUFTHANSA.txt,C:\Users\Albert\Desktop\STUDIA\Sem2\Zastosowanie AI\Regulaminy\txts\LUFTHANSA.txt,29457,62,74
LUFTHANSA.txt,C:\Users\Albert\Desktop\STUDIA\Sem2\Zastosowanie AI\Regulaminy\txts\LUFTHANSA.txt,29457,63,74
LUFTHANSA.txt,C:\Users\Albert\Desktop\STUDIA\Sem2\Zastosowanie AI\Regulaminy\txts\LUFTHANSA.txt,29457,64,74
LUFTHANSA.txt,C:\Users\Albert\Desktop\STUDIA\Sem2\Zastosowanie AI\Regulaminy\txts\LUFTHANSA.txt,29457,65,74
LUFTHANSA.txt,C:\Users\Albert\Desktop\STUDIA\Sem2\Zastosowanie AI\Regulaminy\txts\LUFTHANSA.txt,29457,66,74
LUFTHANSA.txt,C:\Users\Albert\Desktop\STUDIA\Sem2\Zastosowanie AI\Regulaminy\txts\LUFTHANSA.txt,29457,67,74
LUFTHANSA.txt,C:\Users\Albert\Desktop\STUDIA\Sem2\Zastosowanie AI\Regulaminy\txts\LUFTHANSA.txt,29457,68,74
LUFTHANSA.txt,C:\Users\Albert\Desktop\STUDIA\Sem2\Zastosowanie AI\Regulaminy\txts\LUFTHANSA.txt,29457,69,74
LUFTHANSA.txt,C:\Users\Albert\Desktop\STUDIA\Sem2\Zastosowanie AI\Regulaminy\txts\LUFTHANSA.txt,29457,70,74
LUFTHANSA.txt,C:\Users\Albert\Desktop\STUDIA\Sem2\Zastosowanie AI\Regulaminy\txts\LUFTHANSA.txt,29457,71,74
LUFTHANSA.txt,C:\Users\Albert\Desktop\STUDIA\Sem2\Zastosowanie AI\Regulaminy\txts\LUFTHANSA.txt,29457,72,74
LUFTHANSA.txt,C:\Users\Albert\Desktop\STUDIA\Sem2\Zastosowanie AI\Regulaminy\txts\LUFTHANSA.txt,29457,73,74
RayanAir.txt,C:\Users\Albert\Desktop\STUDIA\Sem2\Zastosowanie AI\Regulaminy\txts\RayanAir.txt,44125,0,111
RayanAir.txt,C:\Users\Albert\Desktop\STUDIA\Sem2\Zastosowanie AI\Regulaminy\txts\RayanAir.txt,44125,1,111
RayanAir.txt,C:\Users\Albert\Desktop\STUDIA\Sem2\Zastosowanie AI\Regulaminy\txts\RayanAir.txt,44125,2,111
RayanAir.txt,C:\Users\Albert\Desktop\STUDIA\Sem2\Zastosowanie AI\Regulaminy\txts\RayanAir.txt,44125,3,111
RayanAir.txt,C:\Users\Albert\Desktop\STUDIA\Sem2\Zastosowanie AI\Regulaminy\txts\RayanAir.txt,44125,4,111
RayanAir.txt,C:\Users\Albert\Desktop\STUDIA\Sem2\Zastosowanie AI\Regulaminy\txts\RayanAir.txt,44125,5,111
RayanAir.txt,C:\Users\Albert\Desktop\STUDIA\Sem2\Zastosowanie AI\Regulaminy\txts\RayanAir.txt,44125,6,111
RayanAir.txt,C:\Users\Albert\Desktop\STUDIA\Sem2\Zastosowanie AI\Regulaminy\txts\RayanAir.txt,44125,7,111
RayanAir.txt,C:\Users\Albert\Desktop\STUDIA\Sem2\Zastosowanie AI\Regulaminy\txts\RayanAir.txt,44125,8,111
RayanAir.txt,C:\Users\Albert\Desktop\STUDIA\Sem2\Zastosowanie AI\Regulaminy\txts\RayanAir.txt,44125,9,111
RayanAir.txt,C:\Users\Albert\Desktop\STUDIA\Sem2\Zastosowanie AI\Regulaminy\txts\RayanAir.txt,44125,10,111
RayanAir.txt,C:\Users\Albert\Desktop\STUDIA\Sem2\Zastosowanie AI\Regulaminy\txts\RayanAir.txt,44125,11,111
RayanAir.txt,C:\Users\Albert\Desktop\STUDIA\Sem2\Zastosowanie AI\Regulaminy\txts\RayanAir.txt,44125,12,111
RayanAir.txt,C:\Users\Albert\Desktop\STUDIA\Sem2\Zastosowanie AI\Regulaminy\txts\RayanAir.txt,44125,13,111
RayanAir.txt,C:\Users\Albert\Desktop\STUDIA\Sem2\Zastosowanie AI\Regulaminy\txts\RayanAir.txt,44125,14,111
RayanAir.txt,C:\Users\Albert\Desktop\STUDIA\Sem2\Zastosowanie AI\Regulaminy\txts\RayanAir.txt,44125,15,111
RayanAir.txt,C:\Users\Albert\Desktop\STUDIA\Sem2\Zastosowanie AI\Regulaminy\txts\RayanAir.txt,44125,16,111
RayanAir.txt,C:\Users\Albert\Desktop\STUDIA\Sem2\Zastosowanie AI\Regulaminy\txts\RayanAir.txt,44125,17,111
RayanAir.txt,C:\Users\Albert\Desktop\STUDIA\Sem2\Zastosowanie AI\Regulaminy\txts\RayanAir.txt,44125,18,111
RayanAir.txt,C:\Users\Albert\Desktop\STUDIA\Sem2\Zastosowanie AI\Regulaminy\txts\RayanAir.txt,44125,19,111
RayanAir.txt,C:\Users\Albert\Desktop\STUDIA\Sem2\Zastosowanie AI\Regulaminy\txts\RayanAir.txt,44125,20,111
RayanAir.txt,C:\Users\Albert\Desktop\STUDIA\Sem2\Zastosowanie AI\Regulaminy\txts\RayanAir.txt,44125,21,111
RayanAir.txt,C:\Users\Albert\Desktop\STUDIA\Sem2\Zastosowanie AI\Regulaminy\txts\RayanAir.txt,44125,22,111
RayanAir.txt,C:\Users\Albert\Desktop\STUDIA\Sem2\Zastosowanie AI\Regulaminy\txts\RayanAir.txt,44125,23,111
RayanAir.txt,C:\Users\Albert\Desktop\STUDIA\Sem2\Zastosowanie AI\Regulaminy\txts\RayanAir.txt,44125,24,111
RayanAir.txt,C:\Users\Albert\Desktop\STUDIA\Sem2\Zastosowanie AI\Regulaminy\txts\RayanAir.txt,44125,25,111
RayanAir.txt,C:\Users\Albert\Desktop\STUDIA\Sem2\Zastosowanie AI\Regulaminy\txts\RayanAir.txt,44125,26,111
RayanAir.txt,C:\Users\Albert\Desktop\STUDIA\Sem2\Zastosowanie AI\Regulaminy\txts\RayanAir.txt,44125,27,111
RayanAir.txt,C:\Users\Albert\Desktop\STUDIA\Sem2\Zastosowanie AI\Regulaminy\txts\RayanAir.txt,44125,28,111
RayanAir.txt,C:\Users\Albert\Desktop\STUDIA\Sem2\Zastosowanie AI\Regulaminy\txts\RayanAir.txt,44125,29,111
RayanAir.txt,C:\Users\Albert\Desktop\STUDIA\Sem2\Zastosowanie AI\Regulaminy\txts\RayanAir.txt,44125,30,111
RayanAir.txt,C:\Users\Albert\Desktop\STUDIA\Sem2\Zastosowanie AI\Regulaminy\txts\RayanAir.txt,44125,31,111
RayanAir.txt,C:\Users\Albert\Desktop\STUDIA\Sem2\Zastosowanie AI\Regulaminy\txts\RayanAir.txt,44125,32,111
RayanAir.txt,C:\Users\Albert\Desktop\STUDIA\Sem2\Zastosowanie AI\Regulaminy\txts\RayanAir.txt,44125,33,111
RayanAir.txt,C:\Users\Albert\Desktop\STUDIA\Sem2\Zastosowanie AI\Regulaminy\txts\RayanAir.txt,44125,34,111
RayanAir.txt,C:\Users\Albert\Desktop\STUDIA\Sem2\Zastosowanie AI\Regulaminy\txts\RayanAir.txt,44125,35,111
RayanAir.txt,C:\Users\Albert\Desktop\STUDIA\Sem2\Zastosowanie AI\Regulaminy\txts\RayanAir.txt,44125,36,111
RayanAir.txt,C:\Users\Albert\Desktop\STUDIA\Sem2\Zastosowanie AI\Regulaminy\txts\RayanAir.txt,44125,37,111
RayanAir.txt,C:\Users\Albert\Desktop\STUDIA\Sem2\Zastosowanie AI\Regulaminy\txts\RayanAir.txt,44125,38,111
RayanAir.txt,C:\Users\Albert\Desktop\STUDIA\Sem2\Zastosowanie AI\Regulaminy\txts\RayanAir.txt,44125,39,111
RayanAir.txt,C:\Users\Albert\Desktop\STUDIA\Sem2\Zastosowanie AI\Regulaminy\txts\RayanAir.txt,44125,40,111
RayanAir.txt,C:\Users\Albert\Desktop\STUDIA\Sem2\Zastosowanie AI\Regulaminy\txts\RayanAir.txt,44125,41,111
RayanAir.txt,C:\Users\Albert\Desktop\STUDIA\Sem2\Zastosowanie AI\Regulaminy\txts\RayanAir.txt,44125,42,111
RayanAir.txt,C:\Users\Albert\Desktop\STUDIA\Sem2\Zastosowanie AI\Regulaminy\txts\RayanAir.txt,44125,43,111
RayanAir.txt,C:\Users\Albert\Desktop\STUDIA\Sem2\Zastosowanie AI\Regulaminy\txts\RayanAir.txt,44125,44,111
RayanAir.txt,C:\Users\Albert\Desktop\STUDIA\Sem2\Zastosowanie AI\Regulaminy\txts\RayanAir.txt,44125,45,111
RayanAir.txt,C:\Users\Albert\Desktop\STUDIA\Sem2\Zastosowanie AI\Regulaminy\txts\RayanAir.txt,44125,46,111
RayanAir.txt,C:\Users\Albert\Desktop\STUDIA\Sem2\Zastosowanie AI\Regulaminy\txts\RayanAir.txt,44125,47,111
RayanAir.txt,C:\Users\Albert\Desktop\STUDIA\Sem2\Zastosowanie AI\Regulaminy\txts\RayanAir.txt,44125,48,111
RayanAir.txt,C:\Users\Albert\Desktop\STUDIA\Sem2\Zastosowanie AI\Regulaminy\txts\RayanAir.txt,44125,49,111
RayanAir.txt,C:\Users\Albert\Desktop\STUDIA\Sem2\Zastosowanie AI\Regulaminy\txts\RayanAir.txt,44125,50,111
RayanAir.txt,C:\Users\Albert\Desktop\STUDIA\Sem2\Zastosowanie AI\Regulaminy\txts\RayanAir.txt,44125,51,111
RayanAir.txt,C:\Users\Albert\Desktop\STUDIA\Sem2\Zastosowanie AI\Regulaminy\txts\RayanAir.txt,44125,52,111
RayanAir.txt,C:\Users\Albert\Desktop\STUDIA\Sem2\Zastosowanie AI\Regulaminy\txts\RayanAir.txt,44125,53,111
RayanAir.txt,C:\Users\Albert\Desktop\STUDIA\Sem2\Zastosowanie AI\Regulaminy\txts\RayanAir.txt,44125,54,111
RayanAir.txt,C:\Users\Albert\Desktop\STUDIA\Sem2\Zastosowanie AI\Regulaminy\txts\RayanAir.txt,44125,55,111
RayanAir.txt,C:\Users\Albert\Desktop\STUDIA\Sem2\Zastosowanie AI\Regulaminy\txts\RayanAir.txt,44125,56,111
RayanAir.txt,C:\Users\Albert\Desktop\STUDIA\Sem2\Zastosowanie AI\Regulaminy\txts\RayanAir.txt,44125,57,111
RayanAir.txt,C:\Users\Albert\Desktop\STUDIA\Sem2\Zastosowanie AI\Regulaminy\txts\RayanAir.txt,44125,58,111
RayanAir.txt,C:\Users\Albert\Desktop\STUDIA\Sem2\Zastosowanie AI\Regulaminy\txts\RayanAir.txt,44125,59,111
RayanAir.txt,C:\Users\Albert\Desktop\STUDIA\Sem2\Zastosowanie AI\Regulaminy\txts\RayanAir.txt,44125,60,111
RayanAir.txt,C:\Users\Albert\Desktop\STUDIA\Sem2\Zastosowanie AI\Regulaminy\txts\RayanAir.txt,44125,61,111
RayanAir.txt,C:\Users\Albert\Desktop\STUDIA\Sem2\Zastosowanie AI\Regulaminy\txts\RayanAir.txt,44125,62,111
RayanAir.txt,C:\Users\Albert\Desktop\STUDIA\Sem2\Zastosowanie AI\Regulaminy\txts\RayanAir.txt,44125,63,111
RayanAir.txt,C:\Users\Albert\Desktop\STUDIA\Sem2\Zastosowanie AI\Regulaminy\txts\RayanAir.txt,44125,64,111
RayanAir.txt,C:\Users\Albert\Desktop\STUDIA\Sem2\Zastosowanie AI\Regulaminy\txts\RayanAir.txt,44125,65,111
RayanAir.txt,C:\Users\Albert\Desktop\STUDIA\Sem2\Zastosowanie AI\Regulaminy\txts\RayanAir.txt,44125,66,111
RayanAir.txt,C:\Users\Albert\Desktop\STUDIA\Sem2\Zastosowanie AI\Regulaminy\txts\RayanAir.txt,44125,67,111
RayanAir.txt,C:\Users\Albert\Desktop\STUDIA\Sem2\Zastosowanie AI\Regulaminy\txts\RayanAir.txt,44125,68,111
RayanAir.txt,C:\Users\Albert\Desktop\STUDIA\Sem2\Zastosowanie AI\Regulaminy\txts\RayanAir.txt,44125,69,111
RayanAir.txt,C:\Users\Albert\Desktop\STUDIA\Sem2\Zastosowanie AI\Regulaminy\txts\RayanAir.txt,44125,70,111
RayanAir.txt,C:\Users\Albert\Desktop\STUDIA\Sem2\Zastosowanie AI\Regulaminy\txts\RayanAir.txt,44125,71,111
RayanAir.txt,C:\Users\Albert\Desktop\STUDIA\Sem2\Zastosowanie AI\Regulaminy\txts\RayanAir.txt,44125,72,111
RayanAir.txt,C:\Users\Albert\Desktop\STUDIA\Sem2\Zastosowanie AI\Regulaminy\txts\RayanAir.txt,44125,73,111
RayanAir.txt,C:\Users\Albert\Desktop\STUDIA\Sem2\Zastosowanie AI\Regulaminy\txts\RayanAir.txt,44125,74,111
RayanAir.txt,C:\Users\Albert\Desktop\STUDIA\Sem2\Zastosowanie AI\Regulaminy\txts\RayanAir.txt,44125,75,111
RayanAir.txt,C:\Users\Albert\Desktop\STUDIA\Sem2\Zastosowanie AI\Regulaminy\txts\RayanAir.txt,44125,76,111
RayanAir.txt,C:\Users\Albert\Desktop\STUDIA\Sem2\Zastosowanie AI\Regulaminy\txts\RayanAir.txt,44125,77,111
RayanAir.txt,C:\Users\Albert\Desktop\STUDIA\Sem2\Zastosowanie AI\Regulaminy\txts\RayanAir.txt,44125,78,111
RayanAir.txt,C:\Users\Albert\Desktop\STUDIA\Sem2\Zastosowanie AI\Regulaminy\txts\RayanAir.txt,44125,79,111
RayanAir.txt,C:\Users\Albert\Desktop\STUDIA\Sem2\Zastosowanie AI\Regulaminy\txts\RayanAir.txt,44125,80,111
RayanAir.txt,C:\Users\Albert\Desktop\STUDIA\Sem2\Zastosowanie AI\Regulaminy\txts\RayanAir.txt,44125,81,111
RayanAir.txt,C:\Users\Albert\Desktop\STUDIA\Sem2\Zastosowanie AI\Regulaminy\txts\RayanAir.txt,44125,82,111
RayanAir.txt,C:\Users\Albert\Desktop\STUDIA\Sem2\Zastosowanie AI\Regulaminy\txts\RayanAir.txt,44125,83,111
RayanAir.txt,C:\Users\Albert\Desktop\STUDIA\Sem2\Zastosowanie AI\Regulaminy\txts\RayanAir.txt,44125,84,111
RayanAir.txt,C:\Users\Albert\Desktop\STUDIA\Sem2\Zastosowanie AI\Regulaminy\txts\RayanAir.txt,44125,85,111
RayanAir.txt,C:\Users\Albert\Desktop\STUDIA\Sem2\Zastosowanie AI\Regulaminy\txts\RayanAir.txt,44125,86,111
RayanAir.txt,C:\Users\Albert\Desktop\STUDIA\Sem2\Zastosowanie AI\Regulaminy\txts\RayanAir.txt,44125,87,111
RayanAir.txt,C:\Users\Albert\Desktop\STUDIA\Sem2\Zastosowanie AI\Regulaminy\txts\RayanAir.txt,44125,88,111
RayanAir.txt,C:\Users\Albert\Desktop\STUDIA\Sem2\Zastosowanie AI\Regulaminy\txts\RayanAir.txt,44125,89,111
RayanAir.txt,C:\Users\Albert\Desktop\STUDIA\Sem2\Zastosowanie AI\Regulaminy\txts\RayanAir.txt,44125,90,111
RayanAir.txt,C:\Users\Albert\Desktop\STUDIA\Sem2\Zastosowanie AI\Regulaminy\txts\RayanAir.txt,44125,91,111
RayanAir.txt,C:\Users\Albert\Desktop\STUDIA\Sem2\Zastosowanie AI\Regulaminy\txts\RayanAir.txt,44125,92,111
RayanAir.txt,C:\Users\Albert\Desktop\STUDIA\Sem2\Zastosowanie AI\Regulaminy\txts\RayanAir.txt,44125,93,111
RayanAir.txt,C:\Users\Albert\Desktop\STUDIA\Sem2\Zastosowanie AI\Regulaminy\txts\RayanAir.txt,44125,94,111
RayanAir.txt,C:\Users\Albert\Desktop\STUDIA\Sem2\Zastosowanie AI\Regulaminy\txts\RayanAir.txt,44125,95,111
RayanAir.txt,C:\Users\Albert\Desktop\STUDIA\Sem2\Zastosowanie AI\Regulaminy\txts\RayanAir.txt,44125,96,111
RayanAir.txt,C:\Users\Albert\Desktop\STUDIA\Sem2\Zastosowanie AI\Regulaminy\txts\RayanAir.txt,44125,97,111
RayanAir.txt,C:\Users\Albert\Desktop\STUDIA\Sem2\Zastosowanie AI\Regulaminy\txts\RayanAir.txt,44125,98,111
RayanAir.txt,C:\Users\Albert\Desktop\STUDIA\Sem2\Zastosowanie AI\Regulaminy\txts\RayanAir.txt,44125,99,111
RayanAir.txt,C:\Users\Albert\Desktop\STUDIA\Sem2\Zastosowanie AI\Regulaminy\txts\RayanAir.txt,44125,100,111
RayanAir.txt,C:\Users\Albert\Desktop\STUDIA\Sem2\Zastosowanie AI\Regulaminy\txts\RayanAir.txt,44125,101,111
RayanAir.txt,C:\Users\Albert\Desktop\STUDIA\Sem2\Zastosowanie AI\Regulaminy\txts\RayanAir.txt,44125,102,111
RayanAir.txt,C:\Users\Albert\Desktop\STUDIA\Sem2\Zastosowanie AI\Regulaminy\txts\RayanAir.txt,44125,103,111
RayanAir.txt,C:\Users\Albert\Desktop\STUDIA\Sem2\Zastosowanie AI\Regulaminy\txts\RayanAir.txt,44125,104,111
RayanAir.txt,C:\Users\Albert\Desktop\STUDIA\Sem2\Zastosowanie AI\Regulaminy\txts\RayanAir.txt,44125,105,111
RayanAir.txt,C:\Users\Albert\Desktop\STUDIA\Sem2\Zastosowanie AI\Regulaminy\txts\RayanAir.txt,44125,106,111
RayanAir.txt,C:\Users\Albert\Desktop\STUDIA\Sem2\Zastosowanie AI\Regulaminy\txts\RayanAir.txt,44125,107,111
RayanAir.txt,C:\Users\Albert\Desktop\STUDIA\Sem2\Zastosowanie AI\Regulaminy\txts\RayanAir.txt,44125,108,111
RayanAir.txt,C:\Users\Albert\Desktop\STUDIA\Sem2\Zastosowanie AI\Regulaminy\txts\RayanAir.txt,44125,109,111
RayanAir.txt,C:\Users\Albert\Desktop\STUDIA\Sem2\Zastosowanie AI\Regulaminy\txts\RayanAir.txt,44125,110,111
